0;a919
1;a1099
2;a806
3;a807
4;a808
5;a929
6;a922
7;a924
8;a804
9;a925
10;a920
11;a921
12;a908
13;a909
14;a1088
15;a915
16;a1095
17;a917
18;a918
19;a1097
20;a911
21;a1092
22;a913
23;a1094
24;a914
25;a1078
26;a1077
27;a1079
28;a827
29;a706
30;a949
31;a1084
32;a829
33;a708
34;a1087
35;a709
36;a944
37;a823
38;a702
39;a1081
40;a945
41;a824
42;a1080
43;a946
44;a825
45;a704
46;a1083
47;a940
48;a943
49;a701
50;a809
51;a1067
52;a1066
53;a1069
54;a1068
55;a938
56;a817
57;a939
58;a818
59;a1076
60;a819
61;a1075
62;a933
63;a934
64;a813
65;a935
66;a1072
67;a815
68;a1071
69;a811
70;a607
71;a728
72;a608
73;a729
74;a609
75;a724
76;a846
77;a967
78;a968
79;a848
80;a606
81;a841
82;a962
83;a720
84;a842
85;a600
86;a843
87;a964
88;a601
89;a844
90;a602
91;a723
92;a961
93;a838
94;a959
95;a717
96;a718
97;a719
98;a955
99;a713
100;a835
101;a836
102;a716
103;a953
104;a711
105;a712
106;a508
107;a509
108;a988
109;a867
110;a625
111;a504
112;a747
113;a626
114;a505
115;a869
116;a627
117;a749
118;a507
119;a984
120;a863
121;a742
122;a621
123;a864
124;a743
125;a622
126;a501
127;a986
128;a865
129;a744
130;a623
131;a987
132;a866
133;a745
134;a624
135;a503
136;a980
137;a981
138;a983
139;a862
140;a741
141;a620
142;a739
143;a856
144;a614
145;a615
146;a979
147;a858
148;a859
149;a617
150;a852
151;a731
152;a610
153;a974
154;a853
155;a732
156;a854
157;a733
158;a612
159;a855
160;a613
161;a970
162;a850
163;a730
164;a880
165;a1019
166;a1016
167;a1015
168;a1017
169;a1133
170;a1011
171;a1014
172;a1134
173;a409
174;a1020
175;a526
176;a768
177;a889
178;a406
179;a648
180;a407
181;a528
182;a649
183;a408
184;a529
185;a401
186;a643
187;a764
188;a885
189;a765
190;a524
191;a645
192;a766
193;a887
194;a646
195;a767
196;a888
197;a640
198;a761
199;a882
200;a520
201;a641
202;a762
203;a883
204;a521
205;a642
206;a884
207;a1129
208;a1008
209;a1126
210;a1005
211;a1128
212;a1007
213;a1127
214;a1006
215;a1003
216;a1123
217;a1002
218;a519
219;a1131
220;a1130
221;a757
222;a879
223;a517
224;a639
225;a511
226;a753
227;a874
228;a995
229;a512
230;a633
231;a754
232;a875
233;a513
234;a755
235;a997
236;a635
237;a756
238;a998
239;a750
240;a871
241;a992
242;a751
243;a510
244;a631
245;a752
246;a873
247;a781
248;a660
249;a1115
250;a1114
251;a1117
252;a1116
253;a1111
254;a1113
255;a1112
256;a548
257;a669
258;a549
259;a428
260;a429
261;a309
262;a544
263;a423
264;a302
265;a424
266;a666
267;a303
268;a425
269;a788
270;a304
271;a547
272;a426
273;a789
274;a668
275;a782
276;a661
277;a541
278;a783
279;a542
280;a784
281;a543
282;a664
283;a301
284;a890
285;a770
286;a1108
287;a1107
288;a1109
289;a1104
290;a1106
291;a1105
292;a1102
293;a537
294;a779
295;a658
296;a538
297;a417
298;a659
299;a539
300;a418
301;a419
302;a412
303;a896
304;a897
305;a414
306;a777
307;a656
308;a898
309;a536
310;a899
311;a771
312;a650
313;a892
314;a530
315;a772
316;a651
317;a531
318;a773
319;a532
320;a895
321;a680
322;a681
323;a440
324;a561
325;a1055
326;a1058
327;a1057
328;a1062
329;a1065
330;a1064
331;a207
332;a208
333;a209
334;a687
335;a445
336;a446
337;a567
338;a325
339;a447
340;a326
341;a448
342;a569
343;a683
344;a441
345;a562
346;a684
347;a442
348;a563
349;a685
350;a322
351;a201
352;a686
353;a565
354;a323
355;a790
356;a670
357;a791
358;a792
359;a550
360;a1049
361;a1044
362;a1052
363;a1051
364;a1053
365;a559
366;a317
367;a318
368;a319
369;a676
370;a434
371;a677
372;a435
373;a556
374;a436
375;a679
376;a558
377;a316
378;a793
379;a430
380;a551
381;a673
382;a552
383;a310
384;a674
385;a796
386;a312
387;a580
388;a581
389;a582
390;a461
391;a340
392;a583
393;a220
394;a1038
395;a1039
396;a1034
397;a1033
398;a1036
399;a1035
400;a1041
401;a1043
402;a1042
403;a229
404;a108
405;a109
406;a588
407;a467
408;a225
409;a346
410;a589
411;a347
412;a105
413;a348
414;a106
415;a107
416;a463
417;a221
418;a342
419;a464
420;a343
421;a101
422;a586
423;a102
424;a587
425;a224
426;a345
427;a692
428;a450
429;a572
430;a451
431;a330
432;a1027
433;a1026
434;a1029
435;a1028
436;a1022
437;a1032
438;a1031
439;a218
440;a219
441;a698
442;a577
443;a456
444;a214
445;a699
446;a578
447;a215
448;a336
449;a579
450;a458
451;a217
452;a338
453;a694
454;a331
455;a695
456;a574
457;a453
458;a332
459;a454
460;a212
461;a576
462;a213
463;a334
464;a240
465;a120
466;a241
467;a483
468;a363
469;a242
470;a484
471;a480
472;a126
473;a489
474;a127
475;a369
476;a248
477;a128
478;a249
479;a122
480;a364
481;a485
482;a123
483;a365
484;a124
485;a366
486;a487
487;a367
488;a246
489;a488
490;a470
491;a591
492;a350
493;a471
494;a592
495;a351
496;a230
497;a472
498;a352
499;a119
500;a357
501;a478
502;a116
503;a358
504;a237
505;a118
506;a239
507;a232
508;a112
509;a233
510;a475
511;a596
512;a113
513;a355
514;a597
515;a356
516;a235
517;a477
518;a598
519;a140
520;a382
521;a11
522;a141
523;a262
524;a10
525;a142
526;a263
527;a12
528;a15
529;a14
530;a380
531;a260
532;a381
533;a16
534;a18
535;a265
536;a386
537;a387
538;a146
539;a267
540;a20
541;a147
542;a268
543;a389
544;a22
545;a130
546;a493
547;a131
548;a252
549;a494
550;a253
551;a374
552;a23
553;a25
554;a490
555;a491
556;a258
557;a138
558;a259
559;a133
560;a254
561;a375
562;a496
563;a255
564;a376
565;a497
566;a135
567;a256
568;a498
569;a31
570;a136
571;a257
572;a378
573;a30
574;a162
575;a33
576;a284
577;a163
578;a164
579;a35
580;a286
581;a165
582;a280
583;a160
584;a39
585;a282
586;a38
587;a287
588;a40
589;a167
590;a168
591;a41
592;a393
593;a272
594;a151
595;a273
596;a152
597;a43
598;a153
599;a46
600;a396
601;a154
602;a48
603;a47
604;a270
605;a392
606;a271
607;a150
608;a49
609;a159
610;a397
611;a51
612;a398
613;a50
614;a399
615;a157
616;a53
617;a279
618;a158
619;a52
620;a185
621;a187
622;a56
623;a180
624;a59
625;a181
626;a182
627;a183
628;a60
629;a188
630;a62
631;a189
632;a61
633;a63
634;a294
635;a66
636;a295
637;a174
638;a65
639;a296
640;a68
641;a297
642;a176
643;a67
644;a291
645;a170
646;a69
647;a292
648;a171
649;a293
650;a172
651;a71
652;a70
653;a179
654;a75
655;a74
656;a76
657;a78
658;a82
659;a84
660;a83
661;a85
662;a195
663;a88
664;a87
665;a197
666;a198
667;a89
668;a191
669;a193
670;a190
671;a199
672;a94
673;a97
674;a98
675;a904
676;a906
677;a907
678;a901
679;a902
680;a903
681;a2
682;a3
683;a7
684;a9